{"cameraMode":{"drawMode":0,"name":"Shaded","section":"Shading Mode"},"sceneLighting":true,"audioPlay":false,"sceneViewState":{"m_AlwaysRefresh":false,"showFog":true,"showSkybox":true,"showFlares":true,"showImageEffects":true,"showParticleSystems":true,"showVisualEffectGraphs":true,"m_FxEnabled":true},"in2DMode":false,"pivot":{"x":1.3207679986953736,"y":5.184594631195068,"z":1.9326305389404297},"rotation":{"x":-0.0034198968205600979,"y":0.8711584806442261,"z":-0.49108338356018069,"w":-0.005976560525596142},"size":1.080182671546936,"orthographic":false}