{"cameraMode":{"drawMode":0,"name":"Shaded","section":"Shading Mode"},"sceneLighting":true,"audioPlay":false,"sceneViewState":{"m_AlwaysRefresh":false,"showFog":true,"showSkybox":true,"showFlares":true,"showImageEffects":true,"showParticleSystems":true,"showVisualEffectGraphs":true,"m_FxEnabled":true},"in2DMode":false,"pivot":{"x":19.052940368652345,"y":-30.17169189453125,"z":-0.5901966094970703},"rotation":{"x":-0.36948201060295107,"y":-0.4405187666416168,"z":0.20550422370433808,"w":-0.7920077443122864},"size":29.432411193847658,"orthographic":false}