{"cameraMode":{"drawMode":0,"name":"Shaded","section":"Shading Mode"},"sceneLighting":false,"audioPlay":false,"sceneViewState":{"m_AlwaysRefresh":false,"showFog":true,"showSkybox":false,"showFlares":true,"showImageEffects":true,"showParticleSystems":true,"showVisualEffectGraphs":true,"m_FxEnabled":true},"in2DMode":false,"pivot":{"x":14.602361679077149,"y":-0.2821103036403656,"z":3.1656899452209474},"rotation":{"x":-0.05846819654107094,"y":0.0024037123657763006,"z":-0.0001563848345540464,"w":-0.998308002948761},"size":1.585148811340332,"orthographic":false}