{"cameraMode":{"drawMode":0,"name":"Shaded","section":"Shading Mode"},"sceneLighting":false,"audioPlay":false,"sceneViewState":{"m_AlwaysRefresh":false,"showFog":true,"showSkybox":false,"showFlares":true,"showImageEffects":true,"showParticleSystems":true,"showVisualEffectGraphs":true,"m_FxEnabled":true},"in2DMode":false,"pivot":{"x":15.769026756286621,"y":0.36106783151626589,"z":3.540778160095215},"rotation":{"x":-0.05605269968509674,"y":-0.7786814570426941,"z":0.07026173174381256,"w":-0.6209844350814819},"size":1.643103837966919,"orthographic":false}