{"cameraMode":{"drawMode":0,"name":"Shaded","section":"Shading Mode"},"sceneLighting":false,"audioPlay":false,"sceneViewState":{"m_AlwaysRefresh":false,"showFog":true,"showSkybox":false,"showFlares":true,"showImageEffects":true,"showParticleSystems":true,"showVisualEffectGraphs":true,"m_FxEnabled":true},"in2DMode":false,"pivot":{"x":-1.028428554534912,"y":0.401189386844635,"z":0.011631034314632416},"rotation":{"x":0.021284714341163636,"y":0.6889835596084595,"z":-0.020290611311793329,"w":0.724234402179718},"size":1.0242376327514649,"orthographic":false}